{
  "movies": [
      {
          "name": "Escape Room",
          "company": "Columbia Pictures",
          "genre": "Horror"
      },
      {
          "name": "Rust Creek",
          "company": "IFC Films",
          "genre": "Drama"
      },
      {
          "name": "American Hangman",
          "company": "Hangman Productions",
          "genre": "Thriller"
      },
      {
          "name": "The Upside",
          "company": "STX Entertainment",
          "genre": "Comedy"
      },
      {
          "name": "Replicas",
          "company": "Entertainment Studios",
          "genre": "Sci-Fi"
      },
      {
          "name": "After Darkness",
          "company": "Grindstone Group",
          "genre": "Drama"
      },
      {
          "name": "Glass",
          "company": "Universal Pictures",
          "genre": "Superhero"
      },
      {
          "name": "Close",
          "company": "Netflix",
          "genre": "Action"
      },
      {
          "name": "The Final Wish",
          "company": "BondIt Capital",
          "genre": "Horror"
      },
      {
          "name": "Serenity",
          "company": "Aviron Pictures",
          "genre": "Drama"
      },
      {
          "name": "Miss Bala",
          "company": "Columbia Pictures",
          "genre": "Thriller"
      },
      {
          "name": "Velvet Buzzsaw",
          "company": "Netflix",
          "genre": "Comedy"
      }
  ]
}
